Postal Code,Failures
01321,1
01450,1
01171,1
01004,1
02250,1
02152,1
02099,2
02653,1
02124,3
02210,1
02211,1
02214,2
02252,1
02312,1
02314,3
02330,1
02690,2
02125,1
02126,1
02139,2
02999,1
02320,1
02213,2
02614,1
02639,2
02360,1
02138,3
02448,2
02691,1
02610,1
02613,1
02151,1
02329,1
02212,1
02693,1
02461,1
02529,1
02695,1
02439,1
02449,2
02470,1
02436,1
02637,1
02251,1
02260,1
02253,1
02409,1
02420,1
02490,1
02498,1
02499,1
02162,1
02696,1
02434,1
02161,1
02142,2
02410,1
02240,1
02620,1
02638,1
02650,1
02246,1
02534,1
02535,1
02536,1
02537,1
02538,1
02539,1
02136,1
02137,1
02459,2
02313,1
02120,1
02127,1
02311,1
02129,1
02141,1
02154,2
02462,2
02331,1
02332,1
02340,1
02435,1
02437,1
02513,1
02514,1
02315,1
02636,2
02350,1
02310,1
02482,1
02484,1
02486,1
02487,1
02488,1
02489,1
03818,1
03838,1
03008,1
03114,1
03115,1
03409,4
03699,1
03827,3
03460,1
03469,2
03778,1
03850,1
03759,1
03816,1
03178,1
03810,1
03317,1
03749,1
03150,1
03194,1
03195,1
03290,1
03291,1
03292,1
03295,1
03670,1
03679,1
03649,1
03839,1
03795,3
03313,1
03314,1
03315,1
03815,1
03657,2
03658,2
03659,2
03828,1
03578,1
03109,1
03787,1
03639,1
03349,1
04520,1
04533,1
04778,1
04857,1
04858,2
04531,1
04558,2
04692,3
04812,1
04813,2
04814,1
04480,1
04768,2
04897,2
04276,3
04567,1
04400,1
04409,2
04160,1
04568,2
04629,1
04888,2
04889,2
04479,3
04289,3
04274,2
04569,2
04713,1
04769,1
04450,1
04850,1
04618,1
04647,2
04859,1
04750,1
04729,1
04728,1
04869,1
04500,1
04460,1
04280,1
04549,1
04550,1
04559,1
04662,2
04690,1
04691,1
04693,1
04694,1
04964,1
04431,1
04868,1
04114,2
04210,1
04211,3
04877,2
04838,1
04839,2
04639,2
04540,1
04110,1
04113,1
04119,1
04147,1
04151,1
04188,1
04459,1
04810,2
04811,1
04899,2
04250,1
04259,1
04649,1
04870,1
04440,1
04260,1
04741,1
04743,1
04878,2
04248,1
04277,1
04278,1
04279,3
04661,2
04275,2
04659,1
04879,1
04829,2
04826,1
04827,1
04828,1
04727,1
04650,1
04530,1
04532,1
04715,1
04746,1
05212,5
05593,1
05416,1
05418,1
05153,5
05340,2
05160,1
05194,3
05195,1
05197,3
05229,4
05610,1
05162,1
05211,4
05146,7
05380,4
05299,2
05290,2
05570,1
05140,4
05513,1
05217,4
05148,1
01548,1
05320,1
05620,1
05571,3
05450,1
05429,3
05132,3
05149,2
05300,1
05141,4
05215,3
05370,2
05310,1
05427,2
05147,2
05134,3
05640,1
05619,4
05693,2
05131,3
05695,1
05696,2
05210,2
05516,3
05364,1
05213,1
05692,1
05220,1
05291,1
05298,3
05145,3
05151,2
05152,1
05161,1
05280,1
05154,3
05191,2
05491,1
05632,2
05122,2
05193,2
05520,3
05292,5
05150,3
05470,1
05515,1
05190,1
05289,2
05412,1
05133,1
05350,1
05413,2
05510,1
05511,1
05581,1
05592,1
05116,1
05691,1
05130,1
05198,1
05170,1
05279,1
05143,1
05591,1
05114,1
06713,1
06730,2
06170,2
06519,1
06131,1
06171,1
06850,1
06329,1
06929,1
06011,1
06181,1
06182,1
06183,1
06193,1
06194,1
06160,1
06659,1
06428,1
06429,1
06613,1
06615,1
06930,1
06250,1
06394,1
06370,1
06600,1
06614,1
06293,1
06810,1
06292,1
06459,1
06443,1
06612,1
06960,1
06680,1
06518,1
06487,1
06469,1
06196,2
06479,1
06105,1
06820,1
06412,1
06711,1
06717,2
06197,1
06860,1
06439,1
06390,1
06660,1
06690,1
06656,1
06174,2
06714,1
06692,1
06670,1
06441,1
06445,1
06132,1
06226,1
06228,1
06389,1
06391,1
06187,1
06498,1
06227,1
06939,1
06928,1
06440,1
06478,1
06413,1
06891,1
06291,1
06907,1
06908,1
06427,1
06489,1
06499,1
06176,2
06486,1
06731,1
06760,1
06173,1
06120,1
06475,1
06106,1
06107,1
06108,1
06109,1
06476,1
06610,1
06919,1
06630,1
06490,1
06477,1
06906,1
06229,1
06310,1
06392,1
06450,1
06970,1
06715,1
06442,1
06225,1
06657,1
06175,1
06893,1
06150,1
06270,1
06650,1
06198,1
06209,1
06640,1
06140,1
06133,1
06658,1
06172,1
06880,1
06909,1
06892,1
06474,1
06134,1
06330,1
06378,1
06130,1
06890,1
06458,1
06177,1
06178,1
06473,1
06208,1
06710,1
06712,1
06718,1
06720,1
06716,1
06678,1
06430,1
06611,1
06830,1
06185,1
07220,1
07150,1
07311,1
07193,1
07349,1
07144,2
07430,1
07700,1
07688,1
07312,1
07071,1
07608,1
07469,1
07194,1
07195,1
07828,1
07140,1
07143,1
07511,1
07240,1
07811,1
07540,1
07142,1
07369,1
07101,1
07259,1
08037,1
08416,1
08384,1
08472,1
08479,1
08521,1
08146,1
08672,1
08782,2
08529,1
08605,1
08612,1
08799,1
08573,1
08754,1
08738,1
08797,1
08692,1
08282,2
08161,1
08650,1
08476,1
08175,1
08515,1
08298,1
08584,1
08569,2
08570,1
09592,4
09462,5
09593,6
09249,7
09233,1
09571,3
09572,3
39232,2
09570,1
09219,9
09451,4
09631,1
09351,2
09642,2
09345,4
09350,4
09119,4
09248,6
09613,7
09614,3
09125,5
09126,1
09127,2
09267,2
09272,2
09511,3
09316,2
09245,5
09214,1
09293,2
09244,3
09612,4
09493,2
09650,2
09692,1
09691,2
09391,1
09198,3
09108,5
09109,4
09348,5
09213,3
09215,1
09216,1
09217,1
09218,2
09352,1
09251,1
09315,3
09641,1
09491,3
09290,2
09211,4
09318,3
09461,1
09247,2
09128,6
09436,1
09463,1
09619,1
09150,3
09311,2
09124,2
09191,3
09678,1
09653,1
09654,1
09510,2
09651,1
09341,3
09317,3
09512,2
09515,2
09121,1
09549,4
09594,1
09557,3
09573,1
09574,1
09252,1
09679,1
09554,2
09649,3
09314,2
09342,3
09354,1
09260,1
09268,6
09271,1
09269,1
09693,1
09647,1
34260,3
09300,1
09600,1
09353,1
09617,1
09618,1
09143,2
09144,1
09145,3
09440,1
09135,1
09616,1
09442,1
09645,1
09453,3
09558,2
09285,1
09545,1
09580,1
09338,1
09690,1
09120,1
09129,1
09343,1
09652,1
09646,1
09159,1
09555,1
09556,1
09591,2
09142,2
10879,1
10666,2
10197,1
10989,1
10990,1
10135,1
10291,2
10671,3
10137,1
10550,1
10410,1
10696,2
10394,2
10129,1
10320,1
10372,1
10000,1
10199,1
10920,1
10881,1
10620,1
10623,2
10624,2
10629,2
10630,3
10329,3
10134,1
10829,4
10897,1
10331,2
10593,1
10640,1
10649,2
10628,2
10162,1
10816,2
10818,2
10360,1
10870,1
10513,1
10663,2
10895,1
10317,1
10414,1
10240,1
10811,3
10866,1
10891,1
10133,1
10328,1
10250,1
10759,1
10412,1
10749,1
10333,1
10849,2
10860,1
10711,1
10815,1
10665,1
10712,1
10230,1
10868,1
10512,1
10560,1
10359,2
10824,1
10850,1
10280,1
10728,1
10625,1
10110,2
10210,1
10529,1
10590,1
10697,3
10662,1
10970,1
10580,1
10109,1
10664,1
10613,1
10930,1
10374,1
10627,1
10660,3
10667,1
10411,1
10334,1
10896,1
10882,1
10638,1
10639,1
10271,1
10883,1
10828,1
10813,1
10261,2
10617,2
10693,1
10867,1
10269,1
10189,4
10570,1
10892,1
10198,2
10510,1
10859,1
10739,1
10695,1
10528,1
10491,1
10318,1
10319,1
10420,1
10611,1
10869,1
10252,1
10864,1
10186,1
10839,1
10413,1
10184,1
10220,1
10290,1
10292,1
10614,1
10332,2
10393,1
10131,1
10672,1
10415,1
10509,1
10515,1
10516,1
10519,1
10492,1
10960,1
10894,1
10812,1
10330,1
10720,1
10858,1
10710,1
10169,1
10880,1
10391,1
10484,1
10848,1
11693,1
11639,1
11390,2
11689,1
11638,1
11379,1
11640,1
11649,1
11550,1
11679,1
11594,1
11595,1
11596,1
11320,1
11330,1
11340,1
11300,1
11659,1
11549,1
11312,1
11313,1
11314,1
11392,1
11691,1
11158,1
11611,1
11688,1
11580,1
11589,1
12133,1
12119,2
12121,1
12413,2
12410,1
12165,1
12230,5
12527,1
12224,2
12490,1
12430,1
12449,3
12190,1
12180,1
12589,1
12350,1
12319,1
12159,1
12123,2
12578,1
12318,2
12231,1
12126,1
12127,1
12163,1
12360,1
12370,1
12952,1
12499,1
12528,1
12122,2
12310,1
12415,2
12317,1
12340,1
12450,1
12120,1
12591,1
12312,3
12447,1
12470,1
12529,1
12220,1
12311,3
12429,2
12210,1
12511,1
12512,1
12469,3
12320,1
12330,2
12510,1
12597,1
12184,2
12164,1
12166,1
12182,1
12193,2
12480,1
12223,1
12179,1
12431,1
12161,1
12118,1
12131,1
12315,1
12124,1
12183,1
12526,1
12125,1
12539,1
12130,1
13180,1
13473,2
13413,1
13340,1
13690,1
13720,1
13115,1
13116,1
13107,1
13391,1
13380,1
13390,1
13414,2
13480,1
13328,1
13189,1
13415,1
13459,1
13460,1
13470,1
13580,1
13596,1
13598,1
14449,1
13760,1
13768,2
13117,1
13118,2
13710,1
13193,3
13432,1
13449,1
13450,1
13591,1
13370,1
13739,2
13430,1
13191,2
13150,1
13329,1
13750,1
13097,1
13196,3
13197,1
13190,2
13345,1
13412,1
13140,1
13130,1
13333,1
13428,2
13360,1
13490,1
13499,1
13660,1
13429,1
13230,1
13592,1
13594,1
13326,1
13350,1
13620,1
13120,1
13129,1
13179,1
13109,1
13342,1
13597,1
13247,1
13327,1
13240,1
13593,1
13341,1
13629,1
13344,1
13740,1
13411,1
13310,1
13279,1
13331,1
13332,1
13343,1
13595,1
13330,1
13320,1
13431,1
13738,1
13114,1
13220,1
14439,1
14480,1
14812,1
14813,1
14720,1
14729,1
14450,1
14950,3
14280,2
14209,3
14240,1
14248,2
14249,2
14445,2
14910,1
14915,1
14208,1
14650,1
14656,1
14811,3
14930,2
14949,1
14045,1
14446,1
14447,1
14193,2
14115,2
14620,1
14840,1
14857,2
14858,1
14448,1
14007,1
14015,1
14016,1
14190,1
14192,1
14340,1
14350,2
14710,1
14719,1
14912,1
14860,1
14913,2
14830,1
14210,3
14320,3
14520,2
14260,1
14290,1
14297,1
14298,1
14299,1
14110,1
14112,1
14113,1
14815,2
14207,1
14130,1
14709,2
14740,1
14970,1
14979,1
14199,1
14511,1
14911,1
14889,1
14530,1
14852,1
14310,1
14914,1
14749,1
14412,1
14200,1
14739,1
14400,1
14817,1
14500,1
14512,1
14540,1
14150,1
14546,1
14491,1
14941,1
14410,1
14670,1
14206,1
14140,1
14640,1
14250,1
14230,1
14490,1
14870,1
15228,1
15229,1
15870,1
15690,1
15862,1
15640,1
15817,1
15937,1
15582,2
15611,1
15668,1
15183,1
15184,1
15188,1
15137,1
15170,1
15199,1
15982,1
15152,1
15592,1
15595,1
15212,1
15218,3
15284,1
15540,1
15573,1
15577,2
15587,1
15579,1
15211,1
15213,1
15332,1
15338,1
15349,1
15368,1
15236,1
15237,1
15239,1
15286,1
15900,1
15910,1
15914,1
15915,1
15887,1
15978,1
15979,1
15994,1
15996,1
15928,1
15983,1
15985,1
15281,1
15282,1
15911,1
15912,1
15913,1
15169,1
15562,1
15576,1
15580,1
15598,1
15701,1
15884,1
15892,1
15828,1
15542,1
15543,1
15551,1
15553,1
15554,1
15871,1
15874,1
15128,1
15386,1
15387,1
16195,5
16412,1
16111,2
16841,1
16315,1
16464,1
16537,2
16338,2
16313,1
16215,1
16780,2
16141,4
16190,2
16191,5
16194,3
16360,2
16855,1
16460,1
16470,3
16779,1
16870,1
16879,4
16893,1
16311,4
16851,1
16114,1
16192,2
16210,1
16043,1
16857,1
16340,3
16890,3
16738,1
16850,1
16891,2
16892,1
16350,1
16649,3
16707,1
16610,1
16708,2
16611,1
16612,1
16239,1
16250,1
16854,1
16444,1
16146,2
16193,2
16216,4
16372,2
16122,2
16781,1
16144,2
16411,1
16647,2
16312,2
16339,3
16251,1
16290,2
16435,1
16417,1
16441,1
16730,1
16421,2
16520,1
16521,1
16540,1
16235,1
16236,3
16330,1
16237,1
16461,1
16142,1
16143,2
16147,1
16393,1
16434,1
16200,1
16371,2
16760,1
16852,1
16853,1
16423,1
16390,3
16113,1
16638,1
16240,1
16269,2
16211,1
16622,1
16414,1
16800,1
16510,2
16514,1
24512,2
16432,2
16452,3
16463,1
16430,1
16813,4
16318,1
16770,1
16370,2
16336,1
16621,1
16639,1
16321,1
16842,1
16161,1
16413,1
16739,1
16860,1
16238,2
16140,1
16535,1
16270,1
16415,1
16230,1
16840,1
16648,1
16196,1
16771,2
16442,1
16280,1
16843,1
16555,1
16123,1
16212,1
16145,1
16542,1
17734,1
17402,1
17747,1
17456,1
17531,2
17405,1
17484,1
17466,2
17461,1
17143,1
17513,1
17532,1
17762,1
17721,1
17868,1
17810,1
17161,1
17120,1
17173,1
17529,1
17755,1
17179,2
17131,1
17454,1
17151,1
17152,1
17153,1
17865,1
17245,1
17420,1
17134,1
17135,1
17858,1
17117,1
17118,1
18448,1
18819,1
18053,1
18857,1
18891,1
18849,1
15489,1
18182,1
18185,1
18294,1
18660,2
18492,2
18710,3
18562,1
19680,1
18292,1
18563,1
18493,1
18101,1
19442,1
19325,3
19490,7
19227,4
19117,1
19119,9
19112,2
19125,1
19277,5
19261,2
19284,1
19152,1
19332,4
19132,2
19115,1
19118,1
19133,5
19320,1
19321,1
19282,1
19283,2
19445,4
19286,2
19287,6
19357,1
19492,5
19196,5
19461,2
19135,2
19276,6
19130,1
19131,1
19295,4
19390,6
19278,2
19410,1
19411,2
19412,3
19414,1
19459,2
19247,3
19243,7
19360,1
19431,3
19197,4
19184,5
19185,3
19294,4
19328,3
19127,4
19391,3
19151,1
19428,1
19429,1
19285,2
19443,3
19229,4
19239,2
19275,1
19334,2
19341,1
19343,1
19392,1
19186,1
19160,1
19116,1
19143,7
19339,2
19262,3
19290,1
19182,2
19144,3
19113,1
19192,3
19174,3
19080,2
19150,1
19181,1
19193,1
19194,1
19491,5
19342,1
19242,1
19248,1
19441,2
19226,3
19142,2
19219,3
19281,1
19114,1
19350,1
19351,1
19362,1
19363,1
19110,1
19336,1
19269,5
19129,1
19462,1
19134,2
19493,1
19312,3
19326,1
19463,1
19161,1
19191,2
19273,1
19352,1
19353,1
19354,1
19126,1
19346,2
19324,1
19263,1
19264,1
19265,1
19267,1
19268,1
19333,1
19323,1
19355,1
19345,1
19337,1
19338,1
19450,1
19458,1
19187,1
19139,1
19111,1
19361,1
20810,1
20128,1
20220,1
21120,1
21593,1
21330,3
21342,1
21359,2
21646,1
21669,1
21739,1
21520,2
21530,1
21207,2
21209,3
21239,3
21248,1
21580,3
21009,1
21609,1
21630,1
21639,2
21647,2
02170,1
21270,1
21309,1
21310,1
21319,1
21668,3
21388,2
21320,1
21230,1
21387,1
21386,1
21891,1
21390,1
21870,1
21220,1
21740,1
21000,1
21460,1
21820,1
21890,1
21660,1
21667,1
21840,1
21700,1
21880,1
21888,1
21560,1
21559,1
21720,1
21250,1
21510,1
21595,1
21620,2
21592,1
21850,1
21640,1
21649,1
21210,1
22143,1
22393,2
22220,1
22558,1
22255,5
22212,3
22283,2
22251,1
22416,2
22417,2
22420,1
22269,2
22122,3
22725,1
22807,2
22809,3
22421,1
22311,3
22569,2
22761,1
22571,1
22234,1
22315,2
22132,3
22585,6
22533,1
22536,1
22589,2
22131,2
22350,1
22351,1
22141,3
22637,1
22510,1
22511,1
22470,1
22134,1
22348,1
22461,3
22486,2
22374,1
22624,1
22625,1
22451,5
22570,2
22771,1
22772,1
22773,1
22591,1
22888,1
22480,2
22587,3
22142,1
22310,1
22222,1
22465,2
22467,4
22215,3
22710,1
22313,3
22572,2
22233,1
22535,1
22424,1
22371,1
22422,1
22337,3
22452,2
22462,2
22529,1
22336,2
22394,2
22225,1
22268,4
22436,2
22437,1
22481,1
22588,1
22210,1
22211,1
22000,1
22080,1
22090,1
22092,1
22094,1
22097,1
22195,1
22483,3
22711,1
22715,1
22850,2
22731,1
22360,1
22125,1
22214,1
22213,2
22216,2
22250,1
22126,1
22586,1
22471,1
22472,1
22473,2
22474,2
22361,1
22140,1
22111,1
22487,1
22414,1
22113,1
22622,2
22232,1
22531,1
22532,1
22592,1
22820,1
22821,1
22130,1
22513,1
22514,1
22460,2
22584,3
22338,1
22191,1
22609,1
22623,1
22110,2
22100,1
22752,1
22200,1
22221,1
22391,1
22463,1
22464,1
22230,1
22253,1
22120,1
22121,1
22559,1
22240,1
22377,1
22254,1
22484,2
22223,1
22528,1
22485,1
22190,1
22530,1
22732,1
22740,1
22750,1
22411,1
22412,1
22413,1
22160,1
22161,1
22162,1
22810,2
22146,1
22339,1
22395,1
23538,1
23684,1
23685,2
23686,2
23687,1
23689,1
23691,2
23660,1
23669,1
23215,1
23747,2
23748,1
23749,2
23760,1
23230,1
23239,1
23539,2
23214,2
23711,1
23289,2
23520,1
23568,1
23390,1
23590,1
23591,2
23130,1
23420,1
23211,1
23212,1
23260,1
23693,1
23628,2
23264,1
23268,1
23269,1
23477,1
23657,1
23720,1
23488,2
23690,1
23610,1
23616,1
23746,1
23611,1
23486,2
23337,1
23569,2
23487,1
23450,1
23490,2
23338,1
23712,1
23194,1
23639,1
23530,1
23713,2
23780,1
23519,2
23528,1
23614,1
23615,1
23265,1
23266,1
23267,1
23240,1
23370,1
23190,1
23359,1
23369,1
23489,1
23412,1
23430,1
23410,1
23250,1
23294,2
23295,1
23340,2
23379,1
23380,1
23270,1
23510,1
23540,1
23391,1
23159,1
23310,1
23312,1
23730,1
23339,1
23659,1
23160,1
23393,1
23191,1
23192,1
23537,1
23638,1
23291,1
23296,1
23297,1
23298,1
24994,2
24792,3
24170,2
24171,2
24888,3
24232,1
24233,2
24251,3
24545,2
24766,3
24521,2
24740,4
24148,1
24149,1
24281,1
24388,1
24249,4
24885,2
24912,1
24913,1
24257,1
24852,2
24854,1
24857,2
24858,1
24859,1
24860,2
24443,1
24715,1
24716,1
24917,1
24995,1
24212,1
24141,1
24143,2
24548,1
24221,1
24837,3
24565,1
24283,1
24440,1
24441,2
24744,2
24721,2
24734,1
24736,1
24323,2
24172,3
24174,1
24328,3
24892,1
24769,1
24239,1
24800,1
24813,1
24815,1
24950,1
24514,1
24515,1
24517,1
24960,2
24970,1
24980,1
24989,1
24991,1
24122,1
24610,1
24620,1
24630,1
24161,2
24940,1
24231,2
24250,2
24730,1
24743,1
24746,1
24870,1
24877,1
24878,2
24879,1
24341,1
24428,1
24429,2
24434,2
24223,3
24820,2
24891,1
24294,1
24160,1
24164,1
24165,1
24166,1
24340,1
24313,1
24374,2
24375,1
24376,1
24377,1
24293,1
24324,2
24248,2
24329,2
24234,2
24724,1
24271,1
24396,1
24218,2
24648,2
24830,1
24839,1
24207,2
24130,1
24133,2
24134,2
24135,1
24137,1
24347,2
24208,1
24480,1
24489,1
24495,1
24496,1
24497,1
24498,1
24469,2
24470,1
24478,1
24479,1
24488,1
24494,1
24607,1
24609,1
24650,1
24660,1
24670,1
24416,1
24424,1
24490,1
24491,1
24914,1
24893,1
24447,1
24380,1
24384,1
24385,1
24386,1
24387,1
24762,2
24733,1
24763,3
24856,1
24765,2
24794,1
24795,3
24126,2
24131,1
24132,1
24274,1
24275,2
24790,1
24791,2
24811,1
24812,1
24814,1
24326,1
24797,1
24282,2
24439,2
24359,2
24395,2
24237,3
24151,1
24848,2
24720,1
24290,1
24240,1
24124,2
24276,1
24277,1
24345,1
24194,1
24146,1
24768,1
24120,1
24125,1
24457,1
24459,1
24317,1
24378,1
24379,2
24739,1
24738,1
24741,1
24284,1
24156,1
24228,1
24253,1
24843,1
24844,1
24847,1
24849,2
24920,1
24930,1
24220,1
24394,1
24793,1
24882,1
24883,1
24884,1
24886,1
24887,1
24889,1
24230,1
24205,1
24292,1
24840,1
24435,1
24436,1
24437,1
24152,1
24869,1
24153,1
24154,1
24155,1
24163,2
24110,1
24111,1
24113,1
24114,1
24138,1
24140,1
24530,2
24510,1
24511,1
24513,1
24360,1
24367,1
24368,1
24369,1
24711,2
24712,1
24713,1
24175,1
24719,1
24235,1
24236,1
21193,1
24197,1
24358,1
24162,1
24219,1
24199,1
24327,1
24687,1
24688,1
24689,1
24699,1
24222,1
25652,1
25692,2
25718,1
25573,1
25575,1
25589,1
25736,2
25513,3
25590,1
25591,1
25327,1
25792,1
25724,2
25772,1
25615,1
25154,1
25597,1
25719,1
25639,2
25689,1
25716,1
25285,1
25261,2
25653,1
25655,1
25656,1
25657,1
25658,1
25577,1
25283,2
25288,1
25281,1
25712,1
25714,3
25517,1
25518,1
25284,1
25333,1
25746,1
25529,1
25554,1
25556,1
25713,1
25795,2
25797,1
25693,1
25632,2
25555,1
25710,1
25569,2
25567,1
25568,1
25350,1
25351,1
25352,1
25353,1
25354,1
25360,1
25751,1
25511,1
25512,1
25583,1
25584,1
25633,2
25634,1
25635,1
25636,1
25637,1
25640,1
25654,1
25269,1
25798,1
25553,1
25557,1
25572,1
25267,1
25343,1
25588,1
25596,1
25114,1
26531,1
26141,1
26509,1
26559,1
26324,1
26315,4
26111,2
26210,3
26322,2
26312,3
26585,2
26151,1
26560,1
26241,1
26320,1
26327,1
26588,2
26321,6
26135,2
26329,7
26325,4
26230,1
26520,1
26527,2
26528,1
26529,1
26291,3
26526,1
26328,1
26289,1
26122,2
26221,1
26292,2
26584,1
26314,1
26525,1
26134,3
26374,1
26143,1
26533,1
26110,1
26124,3
26145,1
26147,1
26148,1
26270,1
26261,2
26570,1
26146,1
26222,1
26326,1
26216,1
26260,1
26376,1
26191,1
26224,1
26215,1
26512,1
26313,1
26532,1
26256,1
26123,1
27737,1
27738,1
27843,2
27845,1
27849,1
27774,1
27775,1
27778,2
27276,1
27790,1
27792,1
27375,3
27359,1
27529,1
27533,1
27257,1
27260,1
27268,1
27271,1
27126,1
27888,1
27889,1
27376,1
27378,1
27326,1
27327,1
27328,1
27339,1
27100,1
27110,1
27111,1
27112,1
27113,1
27114,1
27115,1
27116,1
27117,1
27118,1
27134,1
27135,1
27136,1
27780,1
27785,1
27786,1
27787,1
27788,1
27892,1
27893,1
27156,1
27220,1
27226,1
27227,1
27228,1
27235,1
27824,1
27832,1
27833,1
27834,1
27835,1
27372,1
27380,1
27388,1
27389,1
27400,1
27152,2
27181,2
27183,1
27184,1
27185,2
27186,1
27210,2
27211,1
27233,2
27234,1
27341,1
27342,1
27345,1
27346,1
27347,1
27348,1
27870,1
27876,1
27877,1
27878,1
27879,1
27360,1
27366,1
27367,1
27614,1
27615,1
27692,1
27693,1
27699,1
27750,1
27751,1
27760,1
27001,1
27002,1
27003,1
27004,1
27140,1
27141,1
27146,1
27160,1
27161,1
27169,1
27180,1
27182,1
27188,1
27190,1
27191,1
27192,1
27230,1
27231,1
27232,1
27289,1
27290,1
27293,1
27294,1
27296,1
27297,1
27298,1
27299,1
27240,1
27241,1
27247,1
27740,1
27742,1
27747,1
27748,1
27749,1
27752,1
27410,1
27411,1
27415,1
27419,2
27420,1
27817,1
27837,1
27866,2
27867,2
27150,1
27151,1
27153,1
27155,1
27157,1
27374,1
27439,1
27470,1
27593,1
27332,1
27179,1
27711,1
27712,1
27713,1
27715,1
27797,1
27623,1
27624,1
27625,1
27626,1
27627,1
27628,1
27636,1
27638,1
27554,1
27558,1
27559,1
27596,1
27768,1
27630,1
27631,1
27634,1
27770,1
27777,1
27779,1
27868,1
27811,1
27812,1
27813,1
27814,1
27815,1
27816,1
27818,1
27820,1
27821,1
27822,1
27823,1
27825,1
27830,1
27841,1
27842,1
27864,1
27869,1
28755,4
28607,1
28805,1
28806,1
28620,1
28120,2
28409,1
28580,1
28976,1
28390,1
28194,2
28192,1
28596,1
28648,1
28650,1
28193,1
28279,1
28811,1
28978,1
28694,1
28211,1
28219,1
28595,1
28815,2
28597,1
28909,1
28430,1
28480,1
28191,3
28220,1
28635,1
28954,1
28515,1
28861,1
28862,1
28189,1
28540,1
28812,2
28524,1
28294,1
28649,1
28706,1
28296,1
28297,1
28756,1
28160,1
28359,1
28594,1
28391,1
28295,1
28170,1
28511,1
28722,1
28610,1
28692,1
28293,1
28195,1
28196,1
28761,1
29150,1
29510,1
29567,1
29250,1
29314,2
29540,1
29300,1
29309,1
29717,1
29350,1
29494,1
29493,1
29370,1
29490,2
29420,1
29716,1
29569,2
29592,1
29566,1
29391,1
29470,2
29698,1
29461,1
29789,1
29492,2
29533,1
29440,1
29611,1
29392,1
29191,1
29110,1
29610,1
29451,1
29568,1
29450,1
29394,1
29400,1
29471,1
29714,1
29752,1
29715,1
29329,1
29327,1
29796,1
29760,1
29311,1
29312,1
29410,1
30640,1
30648,1
30649,1
30559,1
30190,1
30561,1
30600,1
30609,1
30189,2
30192,1
30195,1
30411,2
30412,1
30413,2
30319,1
30330,1
30350,1
30351,1
30365,1
30367,1
30369,2
30381,1
30382,1
30383,1
30384,1
30387,2
30391,1
30392,1
30396,1
30397,1
30398,1
30590,2
30438,1
30439,1
30563,1
30628,1
30629,2
30332,1
30333,1
30334,1
30335,2
30338,1
30529,1
30017,1
30810,1
30811,1
30812,1
30814,1
30816,1
30818,1
30834,2
30878,2
30893,1
32131,1
30858,2
30879,1
30508,1
02438,1
30441,1
30442,1
30178,1
30193,1
30194,1
15201,1
30000,1
30108,1
30154,1
30155,1
30156,1
30160,1
30161,1
30164,1
30165,1
30166,1
30167,1
30179,1
30331,1
30570,1
30579,1
30580,1
30588,1
30589,1
30592,3
30750,1
30826,1
30831,1
30832,1
30836,1
30837,1
30883,1
30196,1
30891,1
30610,1
30379,1
30729,1
30739,2
30749,1
30708,1
30612,1
30360,1
30362,1
30364,1
30613,1
30148,1
30149,1
31280,3
31178,1
31264,2
31228,5
31460,2
31290,2
31262,1
31272,1
31281,5
31271,2
31849,2
31850,1
31867,5
31868,2
31239,1
31839,1
31438,2
31439,3
31263,2
31876,1
31840,2
31109,1
31869,2
31715,1
31794,2
31540,1
31511,1
31227,4
31515,1
31380,1
31381,1
31579,1
31311,1
31312,1
31490,1
31454,4
31809,2
31486,1
31744,1
31119,1
31470,1
31748,1
31829,1
31696,1
31690,1
31494,3
31453,1
31799,4
31749,1
31491,1
31370,1
31360,1
31493,1
31414,1
31693,1
31452,1
31175,2
31176,2
31472,2
31473,1
31417,1
31745,1
31421,1
31689,1
31691,1
31409,2
31411,1
31830,1
31283,1
31251,1
31270,1
31877,1
31878,1
31588,1
31177,2
31487,1
31482,1
31483,1
31484,1
31485,1
31382,1
31219,6
31282,2
31320,1
31253,1
31471,1
31522,2
31315,1
31391,1
31450,1
31751,1
31171,1
31173,1
31250,1
31003,1
31394,1
31550,1
31415,1
31747,1
31314,1
31740,1
31293,1
31791,1
31397,1
31422,1
31711,1
31712,1
31449,1
31480,1
31420,1
31752,1
31416,1
31418,1
31780,1
31413,1
31179,1
31410,1
31746,1
31710,1
31284,1
31860,1
32665,1
32666,1
32667,1
32669,1
32171,1
32172,2
32980,2
32845,1
32847,1
32891,1
32592,2
32920,2
32940,3
32313,1
32512,1
32521,1
32522,1
32523,1
32524,1
32525,1
32526,2
32374,1
32645,2
32647,1
32334,1
32335,1
32337,1
32339,1
32434,1
32511,1
32513,1
32822,1
32591,2
32768,2
32774,1
32827,1
32829,1
32100,1
32153,2
32950,1
32211,1
32213,1
32767,1
32867,1
32535,1
32538,1
32678,1
32679,1
32623,1
32427,1
32857,1
32893,2
32894,1
32783,1
32572,2
32574,1
32576,1
32578,2
32579,1
32410,1
32499,1
32590,1
32791,1
32103,1
32970,1
32981,1
32990,1
32111,1
32220,1
32746,1
32747,1
32120,2
32151,1
32452,1
32457,1
32653,1
32414,1
32359,1
32133,1
32691,1
32941,1
32694,1
32367,1
32101,1
32140,1
32316,1
32349,1
32614,1
33815,2
33885,1
33888,1
33676,1
33678,1
33680,1
33681,1
33683,2
33684,1
33685,1
33417,2
33418,2
33490,1
33827,2
33830,1
33836,2
33837,1
33838,1
33839,1
33843,1
33844,1
33845,1
33846,2
33847,1
33528,2
33724,1
33725,1
33726,2
33727,1
33729,1
33529,2
33456,2
33813,2
33814,1
33816,1
33817,1
33818,1
33819,1
33559,2
33589,1
33343,1
33344,1
33439,1
33469,1
33995,1
33412,3
33796,1
33797,1
33324,1
33325,1
33326,2
33327,1
33329,1
33340,1
33341,1
33159,1
33519,2
33757,1
33758,1
33759,1
03392,1
05519,1
33201,1
33202,1
33205,1
33206,1
33209,1
33210,1
33211,1
33212,1
33213,1
33290,1
33299,1
33391,1
33392,1
33394,1
33691,1
33697,1
33419,1
33440,1
33448,1
33449,1
33119,2
33820,1
33826,2
33829,1
33810,1
33811,1
33732,1
33733,1
33734,1
33411,1
33414,1
33909,1
33920,1
33929,1
33934,1
33939,1
33970,1
33979,1
33980,1
33986,1
33987,1
33989,1
33991,1
33992,1
33620,1
33629,1
33637,1
33638,1
33639,1
33692,1
33694,1
33695,1
33700,1
33707,1
33708,1
33709,1
33780,1
33782,2
33783,1
33784,1
33785,1
33789,1
33791,1
33792,1
33874,2
33192,1
33423,1
33424,1
33425,1
33426,1
33427,1
33428,1
33470,1
33480,1
33690,1
33500,1
33507,1
33509,2
33592,1
33593,1
33594,1
33595,1
33596,1
33598,1
33600,1
33610,1
33611,1
33612,1
33614,1
33615,1
33616,2
33617,1
33618,1
33619,1
33640,1
33650,1
33682,1
33161,1
33162,1
33163,1
33130,1
33138,1
33520,1
33581,1
33582,1
33710,1
33719,1
33790,1
33793,1
33180,1
33556,1
33001,1
33002,1
33003,1
33004,1
33005,1
33006,1
33007,1
33008,1
33009,1
33010,2
33011,1
33012,1
33013,1
33060,1
33069,1
33127,3
33140,1
33170,1
33171,2
33174,1
33191,1
33193,1
33194,1
33195,1
33196,1
33199,2
33535,2
33660,1
33669,1
33696,2
33910,1
33919,1
33540,1
33546,1
33548,1
33549,1
33585,1
33586,1
33587,1
33576,1
33577,1
33578,1
33579,1
33735,1
33736,1
33777,3
33530,1
33534,1
33536,1
33537,1
33538,1
33539,1
33583,1
33584,1
33557,1
33558,1
33120,1
33128,1
33129,1
33112,1
33114,1
33116,2
33115,2
33345,1
33346,1
33347,1
33566,1
33567,1
33568,1
33569,1
33588,1
33781,1
33848,1
33850,1
33857,1
33859,1
33860,1
33867,1
33868,1
33869,1
33891,1
33940,1
33945,1
33946,1
33947,1
33948,1
33950,1
33957,1
33958,1
33959,1
33960,1
33776,2
33779,2
33774,1
33518,2
33186,1
33187,1
33188,1
33189,1
33420,1
33429,1
33510,1
33580,1
33936,1
33937,1
33938,1
33993,1
33840,1
33841,1
33842,1
33125,1
33126,1
33458,1
33476,1
33747,1
33749,1
33775,1
33110,1
33111,1
33870,1
33873,1
33875,1
33876,1
33877,1
33878,1
33879,1
33770,1
33778,1
33300,1
33310,1
33311,1
33312,1
33313,1
33314,1
33315,1
33316,1
33317,1
33318,1
33717,1
33718,1
34338,2
34491,6
34486,2
34492,2
34800,1
34810,2
34811,2
34813,1
34815,2
34480,1
34487,2
34219,3
34429,6
34159,1
34160,1
34191,2
34419,3
34420,1
34248,3
34449,2
34450,1
34490,1
34473,4
34240,1
34249,3
34200,1
34208,2
34305,5
34477,3
34820,1
34828,1
34829,2
34406,4
34310,1
34304,1
34814,2
39250,2
34468,3
34349,2
34470,2
34116,3
34129,3
34407,7
34309,2
34120,1
34131,2
34306,4
34850,1
34858,1
34859,1
34246,1
34478,1
34839,2
34840,1
34844,3
34846,2
34218,1
34247,3
34320,1
34878,3
34882,2
34259,3
34404,1
34484,1
34210,1
34405,3
34889,4
34337,1
34879,2
34209,4
34485,4
34220,1
34469,4
34170,4
34467,1
34410,1
34128,4
34006,1
34300,1
34113,3
34430,1
34250,1
34126,2
34874,1
34115,2
34117,1
34830,2
34869,1
34884,1
34439,1
34465,1
34239,2
34127,2
34888,1
34348,1
34340,1
34408,1
34409,1
34190,1
34350,1
34132,1
34466,1
34118,1
34847,1
34848,1
34849,1
35480,1
35489,1
35118,1
35119,2
35260,1
35269,1
35270,1
35369,2
35610,2
35630,1
35638,1
35639,1
35500,1
35350,1
35000,5
35400,1
35404,1
35411,1
35412,1
35413,2
35414,1
35415,1
35418,1
35637,2
35430,1
35431,1
35432,1
35435,1
35188,1
35420,2
35460,1
35468,1
35469,2
35488,1
35640,2
35520,1
35541,1
35542,1
35543,1
35240,1
35250,1
35259,1
35120,2
35129,1
35130,1
35138,1
35139,1
35140,1
35149,1
35421,1
35422,1
35423,1
35649,1
35650,1
35660,1
35625,1
35626,1
35627,1
35628,1
35001,1
35002,1
35003,1
35004,1
35005,1
35006,1
35007,1
35008,1
35009,1
35010,1
35011,1
35012,1
35013,1
35014,1
35015,1
35016,1
35018,1
35019,1
35220,1
35229,1
35600,1
35611,1
35612,1
35613,1
35509,1
35550,1
35100,1
35106,1
35107,1
35108,1
35109,1
35128,1
35280,2
35299,1
34570,1
35579,1
35300,1
35307,1
35308,1
35309,1
35310,1
35458,1
35540,1
35507,1
35544,1
35558,1
35561,1
35360,1
35368,1
35200,1
35210,1
35211,1
35212,1
35213,1
35214,1
35215,1
35218,1
35219,1
35333,1
35338,1
35339,1
35340,1
35349,1
35328,1
35329,1
35370,1
36435,1
36436,1
36438,1
36439,1
36494,1
36190,1
36191,1
36193,2
36692,1
36309,2
36938,1
36615,1
36653,1
36654,1
36635,2
36639,1
36117,1
36118,1
36119,1
36884,1
36885,2
36886,1
36888,1
36872,1
36873,1
36876,2
36877,2
36878,2
36428,1
36429,1
36490,1
36491,1
36492,1
36493,1
36675,1
36677,1
36678,1
36679,1
36559,1
36584,1
36676,1
36682,1
36687,1
36688,1
36549,2
36555,1
36556,1
36557,1
36558,1
36567,1
36569,1
36845,1
36846,1
36848,1
36849,1
36851,1
36852,1
36875,2
36529,1
36316,1
36378,1
36380,1
36388,1
36389,1
36980,1
36988,1
36989,1
36991,1
36780,1
36788,1
36789,1
36500,1
36510,1
36511,1
36512,1
36514,1
36515,1
36516,1
36517,1
36518,1
36519,1
36583,1
36596,1
36598,1
36830,1
36835,1
36836,1
36837,1
36838,1
36839,1
36850,1
36853,1
36900,1
36911,1
36912,1
36913,1
36914,1
36915,1
36920,1
36638,2
36967,1
36968,1
36969,1
36192,1
36616,1
36637,1
36950,1
36954,1
36955,1
36957,1
36958,1
36874,1
36669,1
36311,1
36440,1
36446,1
36447,1
36448,1
36449,1
36379,1
36779,1
36817,2
36840,1
36842,1
36843,1
36844,1
36151,1
36152,1
36153,1
36154,1
36155,1
36160,1
36161,1
36414,1
36657,1
36685,1
36862,1
36864,1
36866,1
36867,1
36891,1
36892,1
36893,1
36827,1
36829,1
36857,2
36649,1
36814,1
36815,1
36816,1
36760,1
36778,1
36471,1
36472,1
36474,1
36456,1
36459,1
36543,1
36544,1
36545,1
36546,1
36547,1
36548,1
36589,1
36739,1
36746,1
36749,1
36790,1
36710,1
36711,1
36714,1
36729,1
36313,1
36617,1
36854,1
36855,1
36858,1
36859,1
37640,2
37248,1
37173,2
37890,1
37892,3
37718,1
37253,3
37870,1
37186,4
37779,2
37460,4
37466,2
37639,1
37176,1
37863,1
37864,1
37111,4
37418,1
37793,2
37796,2
37753,1
37754,1
37756,1
37694,1
37271,1
37440,2
37217,7
37717,2
37291,5
37609,6
37795,4
37493,3
37214,4
37630,1
37448,2
37130,6
37491,2
37716,3
37400,1
37405,1
37319,1
37198,1
37449,3
37451,3
37767,1
37479,2
37592,2
37273,1
37726,1
37468,4
37590,4
37593,1
37594,1
37595,1
37830,1
37281,1
37861,1
37139,2
37117,1
37891,5
37114,3
37765,3
37766,4
37762,3
37148,4
37419,2
37799,7
37220,1
37207,1
37208,2
37690,1
37790,1
37872,1
37873,1
37786,1
37810,1
37774,1
37778,1
37617,1
37638,2
37860,1
37862,1
37865,1
37149,3
37313,1
37315,1
37496,1
37450,3
37453,3
37780,1
37683,1
37788,2
37197,1
37452,3
37850,1
37882,3
37794,2
37749,2
37292,1
47428,1
37406,3
37318,2
37871,1
37458,1
37792,1
37410,1
37787,1
37820,1
37791,4
37606,1
37159,2
37729,1
37492,1
37465,1
37259,1
37314,1
37467,1
37740,1
37682,1
37172,1
37246,1
37752,1
37608,1
37409,1
37840,1
37881,1
37680,1
37764,1
37454,1
37497,1
37189,1
37798,1
37267,1
37160,1
37169,1
37174,1
37115,1
37170,2
37256,1
37140,1
37150,1
37522,1
37428,1
37260,1
37339,1
37338,1
37210,1
37250,1
37219,1
37591,1
37110,1
37408,1
38615,2
38660,2
38677,1
38678,1
38679,1
38830,1
38890,2
38810,1
38811,2
38812,1
38813,1
38509,3
38550,1
38580,1
38588,1
38589,1
38592,1
38593,1
38626,1
38627,1
38630,1
38631,1
38632,1
38639,2
38640,1
38649,1
38650,1
38652,1
38726,1
38727,1
38710,1
38712,2
38713,2
38711,1
38479,1
38480,1
38489,1
38510,1
38520,1
38530,1
38540,1
38570,1
38579,1
38911,1
38912,1
38913,1
38740,1
38749,1
38450,1
38458,1
38459,1
38460,1
38728,1
38787,1
38788,1
38594,1
38595,1
38600,1
38611,1
38612,1
38616,1
38617,1
38618,1
38440,1
38441,1
38449,1
38680,1
38686,1
38687,1
38688,1
38689,1
38500,1
38508,1
38560,1
38590,1
38591,1
38820,1
38829,1
38869,2
38430,1
38434,1
38438,1
38439,1
38108,1
38201,1
38202,1
38203,1
38204,1
38205,1
38206,1
38207,1
38208,1
38240,1
38250,1
38260,1
38270,1
38291,1
38293,1
38294,2
38296,1
38297,1
38320,1
38330,1
38759,1
38767,1
38768,1
38370,1
38379,1
38300,1
38311,1
38312,1
38313,1
38314,1
38315,1
38714,2
38715,2
38412,1
38413,1
38414,1
38415,1
38416,1
38729,1
38420,1
38428,1
38429,1
38628,1
38801,1
38110,1
38139,1
38140,1
38150,1
38160,1
38170,1
38359,1
38340,1
38355,1
38356,1
38357,1
38358,1
38289,1
38852,2
38879,1
38892,1
38849,1
38850,1
38860,1
38891,1
38389,1
38738,1
38739,1
39813,1
39796,1
39506,1
39589,1
39290,1
39291,2
39293,1
39585,1
39786,1
39787,1
39739,1
39211,1
39725,1
39439,1
39811,1
39146,1
39416,1
39417,2
39726,1
39360,1
39390,1
39689,1
39807,1
39717,1
39593,1
39410,1
39248,1
39220,1
39229,1
39230,1
39419,1
39548,1
39549,1
39560,1
39569,1
39594,1
39575,1
39577,1
39682,1
39683,1
39685,1
39639,1
39640,1
39649,1
39630,1
39638,1
39880,1
39761,1
39762,1
39764,1
39766,1
40141,2
40192,2
40354,3
40340,1
40529,3
40389,4
40162,1
40555,1
40532,1
40462,2
40292,1
40235,1
40533,1
40530,2
40531,3
40121,1
40492,1
40173,3
40184,3
40164,1
40185,4
40191,2
40491,1
40494,2
40214,1
40512,2
40514,1
40594,1
40144,2
40430,1
40190,1
40560,1
40568,1
40180,1
40182,1
40392,2
40396,1
40356,1
40551,2
40552,1
40553,1
40320,1
40380,2
40360,1
40331,3
40593,1
40315,2
40318,3
40316,1
40591,1
40592,1
40332,2
40480,1
40496,3
40463,1
40464,1
40170,3
40210,1
40211,1
40215,1
40230,1
40231,1
40232,1
40241,1
40242,1
40216,2
40495,2
40469,1
40391,1
40350,1
40291,2
40393,1
40400,1
40410,1
40419,1
40424,1
40217,1
40156,1
40418,1
40516,1
40518,1
40540,2
40298,1
40359,2
40218,1
40358,1
40330,1
40355,1
40314,2
40357,1
40120,1
40240,1
40353,1
40151,1
40131,1
40445,1
40146,1
40236,1
40556,1
40352,1
40142,3
40420,3
40133,1
40130,1
40466,2
40446,1
40175,1
40234,1
40441,1
40468,1
40542,3
40145,1
40183,1
40461,1
40161,1
40561,1
40470,1
40408,1
40220,1
40233,1
40176,2
40422,1
40567,1
40296,1
40500,1
40510,1
40511,1
40517,2
40513,1
40515,1
40290,1
40237,1
40442,1
40443,1
40465,1
40297,1
40134,1
40295,1
40122,1
40123,1
40135,1
40440,1
40448,1
40449,1
40310,2
40171,2
40460,1
40153,1
40154,1
40311,2
40317,2
40467,1
40313,1
40394,1
40181,1
40370,1
40423,2
40390,1
40238,1
40174,1
40150,1
40219,1
40493,1
40293,1
40421,1
40132,1
40239,1
41809,1
41200,1
41209,1
41319,1
41449,1
41980,1
41989,1
41661,1
41489,1
41570,1
41599,2
41729,1
41320,1
41339,1
41820,1
41230,1
41908,1
41810,1
41889,1
41890,1
41898,2
41899,1
41780,1
10701,1
41073,1
41728,3
41409,1
41420,1
41439,3
41888,2
41565,1
41218,1
41219,1
41830,1
41630,1
41740,1
41564,1
41897,1
41926,1
41929,1
41658,1
41750,1
41770,1
41460,1
41804,1
41727,2
41928,1
41610,1
41566,1
41360,1
41470,2
41670,1
41479,1
41250,1
41880,1
41568,1
41388,1
41389,1
41650,1
41659,1
41017,1
41471,1
41850,1
41808,1
41350,1
41359,1
41660,1
41318,1
41150,1
41749,1
42216,5
42108,4
42133,1
42295,2
42135,2
42171,5
42111,3
42182,2
42174,3
42225,4
42129,4
42222,1
42258,2
42167,1
42169,2
42212,1
42130,1
42131,1
42138,3
42213,2
42249,2
42250,1
42259,1
42368,4
42214,2
42366,4
42367,2
42369,1
42128,2
42218,4
42162,4
42195,1
42196,2
42310,1
42311,4
42312,3
42313,5
42318,2
42391,2
42147,1
42134,2
42124,4
42137,3
42144,3
42211,2
42175,3
42145,1
42114,3
42217,1
42223,3
42157,1
42191,2
42290,3
42125,1
42158,1
42224,3
42215,1
42143,2
42339,1
42170,1
42293,3
42294,4
42163,1
42192,2
42320,2
42329,1
42341,2
42230,3
42248,1
42296,2
42155,1
42315,3
42342,2
42343,1
42189,4
42132,1
42172,2
42136,2
42291,1
42292,1
42314,1
42316,1
42194,2
42165,4
42153,1
42159,1
42340,1
42345,1
42176,2
42260,1
42152,1
42392,1
42177,2
42151,1
42109,1
43429,3
43442,1
73820,1
43428,1
43362,1
43410,1
43414,1
43415,1
43459,2
43379,1
43151,1
43155,1
43548,1
43559,1
43312,1
44155,3
44422,2
44382,3
44156,2
44549,1
44395,1
44121,4
44424,2
44477,1
44792,3
44431,1
44432,1
44661,1
44160,1
44157,2
44158,1
44369,2
44721,2
44145,1
44492,3
44421,2
44622,1
44165,1
44590,1
44491,3
44320,1
44357,2
44220,2
44642,1
44232,1
44556,2
44314,1
44790,1
44563,2
44367,1
44394,2
44409,2
44210,1
44211,1
44391,1
44392,1
44496,1
44126,2
44167,1
44191,4
44459,1
44350,1
44359,2
44140,2
44643,2
44168,2
44707,2
44231,1
44706,1
44592,2
44630,2
44560,1
44562,1
44565,1
44147,1
44194,1
44651,1
44640,2
44791,3
44358,2
44623,1
44557,3
44141,3
44169,3
44162,3
44559,2
44161,3
44779,1
44558,2
44490,1
44440,1
44441,1
44650,1
44143,1
44579,1
44741,1
44711,1
44340,1
44415,2
44110,1
44114,2
44115,1
44433,1
44213,2
44142,1
44122,3
44132,2
44164,2
44412,1
44624,1
44420,1
44423,1
44730,2
44750,1
44159,1
44652,1
44709,2
44146,1
44368,2
44400,1
44124,1
44410,1
44780,1
44414,1
44233,1
44312,1
44313,1
44478,1
44479,1
44548,1
44366,1
44708,1
44586,1
44555,1
44315,1
44510,1
44511,1
44450,1
44411,1
44710,1
44712,1
44133,2
44310,1
44125,1
44166,1
44520,1
44390,1
44497,1
44360,1
44460,1
44561,1
44120,1
44002,1
44190,1
44192,1
44195,1
44396,1
44397,1
44123,1
44134,1
44230,1
44221,1
44222,1
44653,1
44597,1
44381,1
44111,1
44641,1
44393,1
44112,1
44593,1
44761,1
44769,1
44430,1
44594,1
44413,1
44494,1
44223,1
44311,1
44380,1
44144,1
44130,1
44131,1
44591,2
44740,1
44742,1
45110,1
45240,1
45522,1
45523,1
45687,1
45571,2
45908,2
45575,1
45631,1
45420,1
45225,1
45525,1
45112,1
45521,1
45592,1
45312,1
45890,1
45695,1
45589,1
45580,1
45181,1
45578,1
45642,1
45531,1
45533,1
45532,1
45542,1
45124,1
45641,1
45683,1
45682,1
45314,1
45291,1
45880,1
45113,1
45311,1
45540,2
45574,1
45164,1
45518,1
45160,1
45663,1
45588,1
45919,1
45511,1
45551,1
45567,1
45684,1
45590,1
45692,1
45460,2
45515,1
45479,1
45430,1
45534,1
45114,1
45662,1
45120,2
45121,1
45930,1
45541,1
45830,1
45270,1
45276,1
45576,1
45685,1
45400,2
45190,1
45191,1
45670,1
45150,1
45159,1
45610,1
45573,1
45140,1
45130,1
45138,1
45139,1
45630,1
45350,1
45162,1
45917,1
45519,1
45230,1
45644,1
45300,2
45280,1
45340,1
45109,2
45450,1
45569,2
45600,1
45543,1
45213,1
45290,1
45611,1
45638,1
45161,1
45512,1
45840,1
45690,1
45570,1
45577,1
45125,1
45790,1
45800,1
45514,1
45652,1
45524,1
45675,1
45676,1
45677,1
45678,1
45654,1
45170,1
45653,1
45370,2
45909,1
45621,1
45671,1
45672,1
45673,1
45635,1
45613,1
45614,1
45694,1
45651,1
45920,1
45789,1
45127,1
45183,1
45568,1
45850,1
45730,1
45594,1
45440,1
45749,1
45410,1
45260,1
45292,1
45740,1
45220,1
45591,1
46687,1
46591,1
46260,1
46369,1
46128,1
46129,1
46293,2
46268,1
46792,2
46594,1
46115,1
46893,1
46132,1
46726,3
46723,1
46178,3
46715,1
46170,2
46820,1
46179,1
46839,4
46173,2
46180,1
46514,1
46722,2
46844,2
46838,3
46511,1
46791,1
46450,2
46830,1
46611,1
46703,1
46181,2
46869,1
46825,1
46822,1
46131,2
46891,1
46165,1
46360,1
46100,1
46175,1
46330,1
46659,1
46813,2
46740,1
46749,1
46294,2
46240,1
46147,1
46146,1
46171,1
46717,2
46841,1
46141,1
46196,1
46470,2
46315,1
46625,1
46612,1
46199,3
46515,1
46930,1
46510,1
46837,1
46400,1
46408,1
46409,1
46176,1
46351,2
46821,1
46350,1
46109,1
46380,1
46014,1
46950,1
46370,1
46167,1
46710,1
46174,1
46198,1
46183,1
46135,1
46810,1
46811,1
46661,1
46590,1
46817,1
46512,1
46614,1
46635,1
46418,1
46134,1
46630,1
46314,1
46267,1
46701,1
46702,1
46728,1
46730,1
46760,2
46894,1
46166,1
46149,1
46110,1
46388,1
46814,3
46610,1
46711,2
46162,1
46624,1
46770,1
46623,1
46668,2
46800,1
46790,1
46160,1
46393,1
46910,1
46613,1
46195,1
46815,1
46368,1
46940,1
46660,1
46163,1
46292,1
46560,1
46130,1
46133,1
46920,1
46640,1
46113,1
46192,1
46892,1
46692,1
46842,3
46193,1
46136,1
46119,1
46823,1
46819,1
46780,1
46169,1
46850,1
46870,1
46200,1
46724,1
46980,1
46988,1
46989,1
46164,1
46501,1
46210,1
46220,1
46712,1
46688,1
46721,1
46137,1
46139,1
46840,2
46140,1
46185,1
46670,1
46540,1
46530,2
46824,1
46138,1
46716,1
46666,1
46727,1
46194,1
46340,1
46352,1
46353,1
46354,1
46355,1
46356,1
46357,1
46390,1
46391,1
46190,1
46417,1
46111,1
46816,1
46725,1
46250,1
46500,1
46520,1
46843,1
46669,2
46592,1
46295,2
46392,1
46750,1
46320,1
46430,1
46439,1
46168,1
46622,1
43900,1
46480,1
46595,1
46269,1
46177,1
46312,1
46313,1
46321,1
46112,1
46691,1
46145,1
46311,1
46270,1
46318,1
46114,1
46367,1
46689,1
47418,3
47814,2
47238,3
47169,3
47419,3
47177,1
47210,1
47312,1
47674,1
47670,2
47880,1
47462,1
47317,4
47675,2
47461,1
47608,3
47689,4
47460,1
47311,2
47185,1
47470,1
47110,1
47512,1
47329,3
47192,1
47882,1
47641,1
47171,1
47664,1
47182,1
47692,1
47494,4
47191,1
47440,2
47313,4
47280,1
47281,1
47650,1
47316,4
47186,2
47176,1
47184,1
47480,1
47134,4
47606,2
47131,4
47607,2
47133,2
47114,3
47493,2
47686,1
47688,1
47691,1
47454,1
47120,1
47630,1
47219,3
47464,1
47359,2
47451,1
47173,1
47812,1
47196,1
47430,1
47112,1
47640,1
47175,1
47116,1
47450,1
47220,1
47831,1
47360,1
47673,2
47350,1
47283,1
47453,1
47509,1
47209,1
47530,1
47331,1
47155,1
47340,1
47239,3
47511,1
47815,2
47830,1
47113,2
47513,1
47183,1
47282,1
47671,1
47862,1
47672,1
47200,1
47018,1
47152,1
47197,1
47198,1
47801,1
47463,1
47820,1
47181,1
47529,1
47810,1
47180,1
47840,1
47111,1
47600,1
47860,1
47172,1
47883,1
47465,1
47676,1
47190,1
48540,1
48348,1
48879,1
48114,1
48902,1
48650,1
48249,1
48890,1
48116,1
48194,1
48288,1
48276,1
48112,1
48120,2
48115,1
48391,2
48309,1
48520,1
48869,2
48870,1
48880,1
48292,1
48850,1
48312,1
48320,1
49834,1
49514,3
49517,3
49518,3
49180,1
49210,1
49162,2
49151,3
49251,2
49716,1
49126,2
49124,1
49324,2
49325,2
49348,1
49619,2
49830,1
49600,1
49200,1
49211,4
49215,2
49216,2
49255,1
49260,1
49155,1
49751,1
49629,1
49622,5
49698,1
49831,1
49709,1
49331,2
49332,2
49626,3
49627,1
49440,1
49708,2
49419,1
49127,2
49191,4
49640,1
49125,1
49317,2
49394,2
49395,2
49783,2
49700,1
49706,1
49639,3
49730,1
49327,3
49710,1
49717,2
49721,1
49341,2
49342,2
49345,1
49346,1
49347,1
49213,1
49214,1
49220,1
49337,2
49540,3
49550,1
49521,1
49510,1
49511,1
49512,3
49693,2
49590,2
49174,2
49618,3
49410,1
49670,1
49833,1
49714,1
49352,1
49360,1
49361,1
49362,1
49542,2
49559,1
49740,1
49741,1
49621,2
49156,1
49571,1
49572,1
49192,3
49340,1
49343,1
49541,1
49543,1
49570,1
49573,1
49574,1
49719,2
49157,1
49522,1
49560,1
49561,1
49832,1
49130,1
49742,1
49694,1
49593,1
49594,1
49163,1
49319,2
49692,1
49718,1
49624,2
49699,2
49120,1
49121,2
49310,1
49318,3
49149,1
49254,1
49150,1
49177,2
49190,1
49810,1
49697,5
49253,1
49731,1
49148,2
49344,1
49164,2
49165,2
49167,1
49212,1
49146,1
49147,1
49336,1
49142,1
49320,2
49321,2
49322,2
49391,1
49392,1
49154,1
49880,1
49176,1
49178,1
49170,1
49720,1
49722,1
49171,1
49172,1
49173,1
49270,1
49271,1
49272,1
49280,1
49281,1
49145,2
49582,1
49143,1
49850,1
49715,1
49780,1
49583,1
49835,1
49638,2
49300,1
49390,2
49623,2
49519,2
49515,2
49525,2
49135,3
49591,1
49592,2
49326,1
49330,2
49357,2
49323,1
49349,1
49513,1
49144,1
49743,1
49691,1
49650,1
49358,2
49359,2
49680,2
49628,1
49182,1
49183,1
49707,1
49620,1
49161,1
49625,1
49750,1
49523,1
49524,2
49152,1
49820,2
49836,1
49881,1
49781,1
49252,1
49122,1
49516,1
49420,1
49882,1
49450,1
49133,1
49153,1
49840,1
49782,1
49250,2
49430,1
49695,1
49166,1
49134,1
49860,1
49100,1
49159,1
49132,1
49230,1
49231,1
49232,1
49240,1
49871,1
49181,1
49870,1
49002,1
49007,1
49012,1
49019,1
49020,1
49025,1
49026,1
49032,1
49193,1
50375,1
50347,1
50560,1
50408,1
50155,1
50570,1
50481,1
50345,1
50529,3
50549,2
50781,1
50691,1
50591,1
50374,3
50461,1
50783,1
50230,1
50178,1
50133,1
50109,1
50546,3
50369,3
50313,1
50590,2
50259,2
50266,1
50348,1
50200,1
50140,1
50491,3
50685,4
50366,4
50297,3
50296,3
50332,1
50316,3
50373,4
50695,1
50561,1
50229,1
50540,2
50246,1
50239,3
50177,1
50547,2
50730,1
50548,1
50638,1
50228,1
50240,2
50335,1
50336,1
50268,3
50238,2
50214,1
50212,1
50709,1
50346,1
50211,1
50613,1
50312,1
50368,4
50213,3
50782,1
50314,1
50132,1
50326,1
50351,1
50792,1
50269,3
50360,1
50617,1
50694,1
50470,1
50611,2
50790,1
50791,1
50793,1
50163,1
50795,1
50513,5
50320,1
50321,1
50322,1
50323,1
50135,2
50390,1
50786,1
50257,1
50150,1
50236,1
50250,1
50237,1
50258,2
50141,1
50134,2
50367,2
50679,2
50160,2
50582,2
50581,1
50460,1
50688,1
50151,1
50295,2
50315,1
50511,1
50331,3
50267,1
50152,1
50330,1
50164,1
50144,1
50291,1
50391,2
50260,1
50344,1
50247,1
50215,1
50143,2
50440,1
50219,3
50850,2
50794,1
50510,1
50530,1
50210,1
50173,1
50341,1
50175,1
50342,1
50161,1
50616,2
42221,1
50667,1
50668,1
50137,1
50637,1
50684,1
50584,1
50324,1
50780,1
50334,1
50248,1
50249,1
50682,1
50227,1
50629,1
50689,2
50697,1
50514,1
50669,1
50293,1
50325,1
50311,1
50512,2
50693,1
50217,1
50154,1
50583,1
50371,1
50372,1
50138,1
50760,1
50343,1
50174,1
50333,1
50216,1
50370,1
50153,1
50156,1
50310,1
50482,1
50784,1
90007,1
51004,1
